,,,,,,,,,,,,,,,
,,,,Safety Inspection Checklist,,,,,,,,,,,
,,,,,,,,,,,,,,,
,,,,,,,,,,,,,,,
,Ship's Name,,,,,Rank,Chief Engineer,,,MASTER,,,,,
,Inspection Date,,,,,Name,,,,,,,,,
,Inspector,,,,,Sign,,,,,,,,,
,Owners,,,,,,,,,,,,,,
,Ship Management,,,,,,,,,,,,,,
,,,,,,,,,,,,,,,
,,,,,,,,,,,,,,,
,No.,Section / Item,,,,,,"Result
(NC)",Risk,,,Comments,,,
,1 Gangway,,,,,,,,,,,,,,
,1.1,"Are there any defects on the gangway? (Step, Frame, Platform, Shaft, Supporting rod, Roller, Stanchion, Handrail)  
갱웨이 상태 (스탭, 프레임, 플랫폼, 샤프트, 서포팅 로드, 롤러, 스탠션,
핸드레일)",,,,,,,8,,,,,,
,1.2,"Is there any defect in the wire for the gangway? (Twist, kink, deformation, dia. reduction, sheaves, greasing)  
갱웨이 와이어 상태 (뒤틀림, 꼬임, 변형, 직경감소, 도르래, 그리싱)",,,,,,,6,,,,,,
,1.3,"Operating condition of gangway (davit, motor, limit switch, remote controller, controller box, etc.) 
갱웨이 작동상태 (데빗, 모터, 리미트 스위치, 컨트롤러, 보관박스 등)",,,,,,,6,,,,,,
,1.4,"Securing device for gangway (lashing socket, lashing hook, etc.) 
갱웨이 고박 설비 (라싱 소켓, 후크 등)",,,,,,,6,,,,,,
,1.5,"Is gangway installed and safety net rigged properly? 
갱웨이 및 안전망 설치 상태",,,,,,,4,,,,,,
,1.6,"Are security posts displayed near the gangway? 
(security level, caution, etc.)  
현문 주변 보안관련 부착물 상태 (보안등급, 주의사항 등)",,,,,,,1,,,,,,
,1.7,"Is it keep cleaning condition near gangway?
현문 주위 청결상태",,,,,,,1,,,,,,
,1.8,"Is the duty crew keep contiuously gangway watch? 
현문 당직자 근무 상태 (근무지 이탈여부)",,,,,,,4,,,,,,
,1.9,"Is the duty crew carry out checking visitors according to the relevant procedures? (ID card check, visitor log, visitor pass)
방선자 통제 절차 (ID CARD 확인, 방문자 일지 기록, 방문증 제공)",,,,,,,9,,,,,,
,1.10,"Accurate record of visitor log (No. of bags, visitor pass number, etc.). 
Visitor log의 정확한 기재 여부 (수화물 개수, 방문자 번호, 등)",,,,,,,6,,,,,,
,2 Certificate and Etc.,,,,,,,,,,,,,,
,2.1,"Are all vessel certificates valid and kept/managed by the Master? (Validity, contents) 
선박 증서 관리 (유효성, 기재 내용)",,,,,,,12,,,,,,
,2.2,"Are the personnel certificates signed by the possessor? (Medical certificate, Passport, License, etc) 
개인 증서 서명(건강 진단서, 여권, 자격증 등)",,,,,,,2,,,,,,
,2.3,"Are all ship's documents/format up to date?
문서/양식 최신화",,,,,,,8,,,,,,
,2.4,"Are minimum rest hours provided to all crew in accordance with MLC? (Recordkeeping of mandatory and internal training, 1 rest day per week during berthing or dock, event of UMA, bunkering, disembarking crew) 
최소 휴식시간 제공(법정/자체 교육, 정박/입거 중 1주에 1일 이상 휴식, UMA, 벙커링, 하선자 근무 기록 등)",,,,,,,6,,,,,,
,2.5,"Check Seafarer's Employment Agreement.(keep original hold by crew and copy hold by MSTR, keep previous contracts together after renewal) 
근로계약서 확인 (계약서 원본은 선원 사본은 선장 보관, 갱신 후 이전 계약서 같이 보관)",,,,,,,2,,,,,,
,2.6,"Check Payslip.(providing monthly pay slip and confirming signature). 
급여 명세서 확인 (급여명세서 매월 제공 및 서명 확인)",,,,,,,2,,,,,,
,2.7,"Are all relevant documents provided to all crew in accordance with MLC? (check payment of wages, seafarers' employment agreements, standard medical report, procedure of complaint, etc) 
MLC 관련 문서 제공 (임금 지급 내역, 선원 고용계약서, 표준 건강진단서, 불만처리 절차 등 확인)",,,,,,,4,,,,,,
,2.8,"Are postings related to MLC onboard? (P&I MLC Certificate-Reg 2.5/4.2, MLC certificate, onboard complaint guide, seafarers' insurance wage claim guarantee fund certificate, working arrangement, DMLC part 1, 2, The letter of appointment, etc) 
MLC 관련 게시물 선내 게시 (P&I MLC 증서?규정 2.5/4.2, MLC 증서, 선내 고충 처리 안내서, 선원 보험·임금 청구 보증 기금 증서, 근무 배치표, DMLC part 1, 2, 임명장 등)",,,,,,,4,,,,,,
,2.9,"Familiarization of onboard complaint handling procedures. 
불만처리절차 친숙화",,,,,,,2,,,,,,
,2.10,"Familiarization of duty for each responsible person such as Safety officer, Safety Representative, Health Officer, etc.  
안전담당자, 안전대표자, 건강담당자 등 각 담당자 직무 숙지",,,,,,,4,,,,,,
,2.11,"Are certificates for wire(gangway, pilot ladder, crane, etc.) available and installation date be marked? 
갱웨이, 파일럿 래더, 크레인 등 wire rope 증서 관리(증서, 신환일)",,,,,,,4,,,,,,
,2.12,"Check the implementation status of the official document. (Training, execution)  
지침성 공문 숙지 및 이행",,,,,,,6,,,,,,
,2.13,"Are the Master, C/E, Senior Officer familiar with the Risk assessment and management?  
선기장, 선임사관 위험성 평가 및 관리 친숙화",,,,,,,4,,,,,,
,2.14,"Are the Master, C/E, Senior Officer familiar with and managing Non-conformity management (Non-conformity management log, monitoring of corrective action)?  
선기장, 선임사관의 부적합 관리 및 친숙화 (부적합 관리대장, 시정조치 이행 모니터링 여부 확인)",,,,,,,4,,,,,,
,2.15,"Is the Stopping work and response training carried out with satisfaction in accordance with the procedure?  
작업 중지 및 대응 훈련 실시 및 기록",,,,,,,3,,,,,,
,2.16,"Is the ship's crew familiar with the security patrol, duties, security level, threatening security?  
보안 순찰 방법, 보안 임무, 보안등급, 보안위협 등 친숙화",,,,,,,2,,,,,,
,2.17,"ISPS drill and exercise 
보안훈련 실시 및 기록",,,,,,,4,,,,,,
,3 Document(Deck),,,,,,,,,,,,,,
,3.1,"Is the latest PSC inspection and internal/external audit free of NC or deficiencies or, if not, are the pending items properly followed up?
PSC 검사, 내외부심사 결함사항 처리상태",,,,,,,8,,,,,,
,3.2,"Is the document related ship security managed properly as per procedure? (SSP, SSA, SSR, Joint ship-shore security exercise, etc) 
보안관련 기록서 관리 (SSP, SSA, SSR, 선박-육상 합동 보안 훈련 등)",,,,,,,6,,,,,,
,3.3,"Are training and education kept in record and executed according to the procedure? 
훈련 및 교육 이행상태 확인",,,,,,,9,,,,,,
,3.4,"Is the deck log book recorded essential entries without omitting them?  (Drill records, drill details in the deck log book is in accordance with training records, working language, company guide, ballast tank sounding, hold bilge sounding, etc.)  
갑판 로그북 필수 기재사항 누락 확인 (훈련 기록, 로그북과 훈련기록 일치, 사용언어, 회사지침 준수, 평형수 탱크 측심, 화물창 빌지 측심 등)",,,,,,,6,,,,,,
,3.5,"Is the new joiner's essential familiarization guidance provided and educated for the new joiner? 
신규 승선자 친숙화 교육",,,,,,,6,,,,,,
,3.6,"Is the Master's review including the company's reply carried out in accordance with the ISM code? (Circulation to all crew)  
선장의 검토 시행 (전 승조원 회람 여부)",,,,,,,2,,,,,,
,3.7,"Are reefer CNTRs monitored according to the procedures and is this recorded? (monitoring log, loading checklist, photo, RCM, etc)
냉동 화물 관리 및 관련 기록 유지(monitoring log, loading checklist, 사진, RCM 등)",,,,,,,6,,,,,,
,3.8,"Is the DG/OOG cargo managed according to the procedures? (Segregation, document, DG/OOG list, loading checklist, etc) 
DG/OOG 화물 관리(격리, 서류, DG/OOG list, loading checklist 등)",,,,,,,8,,,,,,
,3.9,"Are the vessel's stability and cargo safety reviewed according to the procedures? (Check to have any irregular stowage or not, have original stability booklet or not, VGM, Company procedures followed, etc)  
감항성 및 화물 안전 검토 (부적절한 화물적재, 복원성 책자 원본 보유여부, VGM, 회사 절차 이행 여부 등)",,,,,,,8,,,,,,
,3.10,"Is the lashing gear inspected periodically in accordance with CSM? (Check Inspection/Maintenance Record of cargo lashing equipment, standard and onboard quantity of lashing gear, Only cargo securing devices listed in the CSM are used, etc) 
CSM에 따른 화물고박장치 점검 및 관리 (화물고박장치 유지/보수 기록표, 표준 수량 보유, CSM에 등재된 화물고박장치 사용 등)",,,,,,,9,,,,,,
,3.11,"Is the ship's crew familiar with the procedure of cargo hold bilge handling?
화물창 빌치 처리절차 친숙화",,,,,,,4,,,,,,
,3.12,"Is the ship's crew familiar with the ballast water handling? 
평형수 처리절차 친숙화",,,,,,,9,,,,,,
,3.13,"Ballast tank level gauge calibration(record, calibrating period, level gauge condition) 
원격 게이지 검교정 이행(기록, 검교정 주기, 게이지 상태)",,,,,,,6,,,,,,
,3.14,"Condition of BWTS. (working condition, alarm, etc.) 
BWTS 작동 상태 (작동상태, 알람 등)",,,,,,,9,,,,,,
,3.15,"Are the Ballast Water Record Book filled in properly and completely? (Accurate entries) 
선박평형수 일지 관리(기재사항의 정확성)",,,,,,,9,,,,,,
,3.16,"Are officers familiar with KINS program? (Input data on PMS/Repair/Stock/Tally, NC/CA report) 
KINS 사용 친숙화 (PMS/수리/재고/결과 관리, NC/CA 결과입력)",,,,,,,6,,,,,,
,3.17,"Are the Garbage record book filled in properly and completely? (Accurate entries, No discharge of food waste within the Chinese baseline, Garbage Delivery Receipt, etc) 
폐기물 관리 기록부 관리(기재사항의 정확성, 특히 중국 기선 내 음식물 투기 금지, 폐기물 양륙증 등)",,,,,,,6,,,,,,
,3.18,"Circulation and management of Mooring system & line management plan. (Management of Hawser rope certificates, Hawser Rope Management Record)
MSMP 관리 및 회람 (계류삭 증서 관리, 계류삭 관리 기록 최신화)",,,,,,,6,,,,,,
,3.19,"Work safety procedure as per company policy.(work permit, Risk Assessment, inspection/maintenance plan,  TBM, MSTR & C/E's confirmation, etc) 
작업 안전 절차 이행 여부(작업허가, 위험성 평가, 작업 계획, TBM, 선장/기관장 확인 등)",,,,,,,9,,,,,,
,3.20,"Are the works by subcontractors followed procedure?(work permit, safety checklist)  
외부업체 작업 절차 준수 여부",,,,,,,9,,,,,,
,3.21,"Record of LSA&FFA maintenance log. 
소화구명설비 유지 기록",,,,,,,16,,,,,,
,4 Bridge,,,,,,,,,,,,,,
,4.1,"Is the passage plan performed correctly and from berth to berth? (check passage plan(including UKC), position fixing on chart, UKC monitoring-echo sounder depth alarm, NGA, abort line, etc)  
적절한 항해계획 수립 및 이행 (항해계획(UKC 포함), 해도상 위치 표기, UKC 모니터링-에코사운더 알람, NGA, 어보트 라인 설정 등)  ",,,,,,,12,,,,,,
,4.2,"Are the chart and publication performed correction up to date? (Lights list, Tide table, Sailing direction, IAMSAR Manual) 
해도 및 수로서지 최신화 (등대표, 조석표, Sailing direction, IAMSAR Manual 등)",,,,,,,9,,,,,,
,4.3,"Are indicators in good condition? (have correction or not)  
각 종 지시기 상태",,,,,,,4,,,,,,
,4.4,"Is the damage control plan readily available onboard?  
손상 제어 자료 비치 및 친숙화 상태",,,,,,,4,,,,,,
,4.5,"Is the night order book recorded and standing orders posted? (Master's order, take over item between D/O)  
야간 지시록 (선장의 지시 사항 기재, 당직사관 인수인계 기재)",,,,,,,2,,,,,,
,4.6,"Is magnetic compass inspected regularly? (check lighting, bubble, deviation table)  
자기 컴파스 상태 (조명상태, 기포, 자차곡선도)",,,,,,,6,,,,,,
,4.7,"Is the compass error checked as per the company's procedure?  
컴파스 오차 기록부",,,,,,,4,,,,,,
,4.8,"Is the GMDSS equipment inspected periodically and in an apparent operational condition? (check the record, actual test by deck officer about DSC, relay, cancel, DC operation, EPIRB(HRU), SART, Two-way VHF)  
GMDSS 장비의 정기적인 점검, 항해사관 친숙화 (점검 기록, 항해사관에 의한 실제 테스트, DSC 송수신, 릴레이/취소, DC 전원 운전, EPIRB(HRU), SART, 2-way VHF 작동법 숙지)",,,,,,,12,,,,,,
,4.9,"Is the daylight signal operable by the battery? (check the portable battery, operation at both ship sides,  at least 3 spare bulbs)  
주간 신호등 상태 (이동가능한 내장배터리, 양현사용가능, 3개이상 예비전구)",,,,,,,2,,,,,,
,4.10,"Are the fire alarm and detection system in operational condition? (no fault/isolation, emergency power, alarm in 2 min, detector test, spare)  화재 감시 및 경보 시스템 상태 (Fault alarm 및 차단 유무, 비상전원, 2분내 응답, 예비품)",,,,,,,12,,,,,,
,4.11,"Is the public address system in an operational condition? (announcement can be heard in living area and E/R)  
선내 방송 및 경보 설비 상태 (거주구역 및 기관실 내 방송 및 경보 청취 가능 여부)",,,,,,,2,,,,,,
,4.12,"Is the navigation equipment in good working condition? (AIS, Echo sounder, VDR, Course recorder, etc)  
항해기기 작동 상태 (AIS, 에코사운더, VDR, Course recorder 등)",,,,,,,6,,,,,,
,4.13,"Is the deck officer familiar with ECDIS? (check certificate & familiarization record, safety information in use, setting safety contour, etc) 
항해사관 ECDIS 친숙화 (친숙화 기록 및 증서, 안전정보 사용, safety contour 설정 등)",,,,,,,6,,,,,,
,4.14,"Is the ECDIS in operational condition? (operation test, version of ENC,  operation under emergency power) 
ECDIS 작동 상태 (작동시험, ENC 최신화, 비상전원)",,,,,,,3,,,,,,
,4.15,"Is the deck officer familiar with the operation of navigation/radio equipment? (ask to officer how to operate, test, maintain, VDR back up)  
항해사관의 항해/통신 장비 친숙화 (항해사관에게 작동방법, 테스트 방법, 정비, VDR 백업 등 질의)",,,,,,,6,,,,,,
,4.16,"Is the lighting system panel in operational condition? (Navigation light panel : alarm test, pilot lamp, by emergency power)  
항해등 판넬 작동 상태(알람 작동, pilot lamp, 비상전원 작동)",,,,,,,4,,,,,,
,4.17,"Is navigational light in a good condition? (Matt black paint, required angles, no damage, NUC)  
항해등 작동 상태 (무광 검정색, 규정각도, 파손, NUC)",,,,,,,8,,,,,,
,4.18,"Test of security equipment(SSAS) 
보안장비 관리 및 시험",,,,,,,2,,,,,,
,4.19,"Is the fire door with the self-closing device in good condition? (check working condition, deform/hole, no holding back)  
방화문 상태 (작동상태, 변형/구멍, holding back 장치제거)",,,,,,,6,,,,,,
,4.20,"Is relevant equipment for lifesaving on the bridge in good condition? (immersion suit : zipper, sewing parts, type and size / life jacket : lighting, marking, condition /Rocket Parachute Distress Signal / Line Throwing Appliance) 
선교 구명 설비 (방수복 : 지퍼 / 봉제 부위, 종류 및 사이즈 / 구명조끼 : light, 마킹, 상태 / Rocket Parachute Distress Signal / Line Throwing Appliance)",,,,,,,9,,,,,,
,4.21,"Condition of window wiper. 
윈도우 와이퍼 상태",,,,,,,4,,,,,,
,4.22,"Arrangement and cleanliness of Nav. Equip locker. 
창고 정리정돈 상태",,,,,,,2,,,,,,
,5 Outside of Accomodation,,,,,,,,,,,,,,
,5.1,"Is relevant equipment for lifesaving and search light on the wing bridge in good condition? (MOB : quick release, expiration date, line connection / EPIRB : maker label)
윙브릿지 구명 설비 (MOB : quick  release, 유효기간, line 연결 상태 / EPIRB : 제조사 라벨) 및 탐조등 상태",,,,,,,9,,,,,,
,5.2,"Condition of Flag. (flag status, flag hanging rope, etc). 
깃발 상태 (깃발 상태, 깃줄 상태 등)",,,,,,,2,,,,,,
,5.3,"Condition of Radar mast, Signal light tree post, air horn on top bridge. 
항해/신호등 지주대, 레이더 마스트, 기적 상태",,,,,,,9,,,,,,
,5.4,"Condition of each antenna and post. 
안테나 및 지주대 상태",,,,,,,6,,,,,,
,5.2,"Are the vessel's Garbage management procedures followed properly? (use a non-flammable garbage can, condition of garbage storage, segregation status, keep cover, posting of placards, management of food waste)  
폐기물 관리 절차 이행 여부 (불연성 쓰레기통 사용 여부, 쓰레기 보관 상태, 분리수거 상태, 쓰레기통 커버, 플래카드 부착 여부, 음식물 쓰레기 관리 등) ",,,,,,,12,,,,,,
,5.5,"Is the weather-tight door in good condition? (check packing, deform) 
풍우밀문 상태 (패킹, 변형)",,,,,,,12,,,,,,
,5.6,"Is the restricted area controlled in accordance with the ship security plan? (warning notice, seal, locking condition, etc)  
선박 보안 계획에 따른 제한 구역 관리 (warning notice, seal, 잠금 상태 등)",,,,,,,6,,,,,,
,5.7,"Is relevant equipment for fire fighting in good condition? (fire box, fire hose/hydrant leakage, international shore connection, fire extinguisher, water mist lance and monitor)  
소화 설비 상태 (소화박스, 소화호스/소화전 누수, 국제 육상 연결구, 소화기, water mist lance and monitor)",,,,,,,12,,,,,,
,5.8,"Is there any obstructed object to use of FFE & LSA?  
소화 구명 설비 사용에 장애물 존재 유무",,,,,,,4,,,,,,
,5.9,"Is isolating valve in good condition? (moving, marking)  
Isolating V/V 상태 (고착, 마킹)",,,,,,,12,,,,,,
,5.10 ,"Are the pneumatic & electric working tools in good condition?  
작업공구 상태",,,,,,,2,,,,,,
,5.11,"Is the provision/monorail crane in good condition? (wire condition, sheave, cargo block, limit switch, body structure, operation test, safety latch, controller box, greasing, oil leakage)  
프로비젼/모노레일 크레인 상태 (와이어, sheave, cargo block, 리미트 스위치, 외관상태, 작동상태, safety latch, 컨트롤러박스, 그리싱, 누유)",,,,,,,12,,,,,,
,5.12,"Condition of F.O hose Davit.(sheave, wire, hook, safety latch, limit switch) 
F.O 호스데빗 상태 (sheave, 와이어, 후크, safety latch, 리미트스위치)",,,,,,,6,,,,,,
,5.13,"Are emergency lights operable?  
비상등 작동 상태",,,,,,,4,,,,,,
,5.14,"Condition of handrail, stairway step, vertical ladder. 
핸드레일, 계단, 수직 사다리 상태",,,,,,,4,,,,,,
,5.15,"Condition of bunker station.(Bunker transfer procedure drawing, pipe, manifold, oil coaming, emergency stop box, flange thickness etc.) 
연료유 수급 장소(수급절차 도면, 파이프, 매니폴드, 오일코밍, 비상정지,
플렌지 두께 등)",,,,,,,12,,,,,,
,5.16,"Are safety symbols and marking clear and legible? (IMO symbol, S.W.L, open/close marking, etc)
안전 심볼 및 각종 마킹 상태(IMO심볼, S.W.L, open/close 마킹 등)",,,,,,,6,,,,,,
,5.17,"Condition of floor, wall, drain pipe, etc. 
거주구 벽, 바닥, 파이프 등 상태",,,,,,,4,,,,,,
,5.18,"Condition of Oxygen & acetylene store. (symbol, obstacles, etc.)
산소 아세틸렌 창고 상태",,,,,,,4,,,,,,
,5.19,"Are the locker and store in tidy, clean condition?  
창고 정리정돈 상태",,,,,,,2,,,,,,
,6 Galley,,,,,,,,,,,,,,
,6.1,"Is the galley and mass room in a clean and hygienic condition? (provision : condition of storage) 
주방 및 식당 위생 상태 (주부식 보관)",,,,,,,6,,,,,,
,6.2,"Conformance of expiry date marked at foodstuff. 
식재료에 표기된 유통기한 준수",,,,,,,6,,,,,,
,6.3,"Should wear uniform including sanitary suit and hat cleanly. 
위생복, 위생모 등 복장을 청결하고 올바르게 착용",,,,,,,1,,,,,,
,6.4,"Check storage condition(Separate vegetable, meat, fish, etc., Separation from the floor, Arrangement of storage). 
보관 상태 확인(야채, 육류, 어류 등 분리, 바닥과의 이격, 정리정돈)",,,,,,,4,,,,,,
,6.5,"Condition of meat and vegetable room(temperature, cooling fan, controlling frost, etc.) 
냉장, 냉동 창고 상태(온도, 냉각팬, 성에 등)",,,,,,,4,,,,,,
,6.6,"Condition of drinking water dispenser.(record of inspection tag) 
냉온수기 청결 상태 (냉온수기 점검 tag 기록)",,,,,,,1,,,,,,
,6.7,"Management of waste(covering and sealing, stink, cleanliness near waste storage bin, flies or any bugs, etc.) 
쓰레기 관리 (밀봉 및 커버, 악취, 쓰레기통 주변 청결상태, 파리나 벌레 유무, 등)",,,,,,,6,,,,,,
,6.8,"Is the fire door with the self-closing device in good condition? (check working condition, deform/hole, no holding back)  
방화문 상태 (작동상태, 변형/구멍, holding back 장치제거)",,,,,,,9,,,,,,
,6.9,"Is relevant equipment for fire fighting in good condition? (portable extinguisher, galley fire extinguishing system)  
소화 설비 상태 (소화기, 주방 소화 장비)",,,,,,,6,,,,,,
,7 Living Quarter,,,,,,,,,,,,,,
,7.1,"Does crew living area comply with MLC?(adequate artificial light, hot & cold water, suitable & sufficient toilet provision, showers, etc)  
거주구역 위생상태 MLC 준수 여부 (조명, 온수 및 냉수 공급, 적합한 화장실 및 샤워설비 등)",,,,,,,2,,,,,,
,7.2,"Is the fire alarm system operating without any fault? (detector test, audible/visible alarm, MCP) 
화재 감시 장치 작동 상태 (detector 테스트, 가시가청경보, MCP)",,,,,,,6,,,,,,
,7.3,"Is the fire door with the self-closing device in good condition? (check working condition, deform/hole, no holding back) 
 방화문 상태 (작동상태, 변형/구멍, holding back 장치제거)",,,,,,,6,,,,,,
,7.4,"Are watch keeping schedule, Muster list and appointment posted in prominent places? 
근무 계획표, 비상배치표 및 임명장 게시 상태",,,,,,,2,,,,,,
,7.5,"Is the SOLAS training manual in the mess room, recreation room up to date? (update when change equipment)  
식당, 휴게실의 SOLAS Training Manual 최신화",,,,,,,4,,,,,,
,7.6,"Are the hospital and medicine/medical equipment in tidy, clean condition?
선내 병원 및 의약품/의료용품 관리, 정리정돈 상태",,,,,,,4,,,,,,
,7.7,"Management of AED. (Instruction, obstacle, etc.) 
AED 관리 상태 (지침서 게시, 장애물 등)",,,,,,,1,,,,,,
,7.8,"Are the fire integrity and installation of the compound in the cable duct in good condition?  
케이블 덕트의 방열성 및 compound 시공 상태",,,,,,,8,,,,,,
,7.9,"Is relevant equipment for lifesaving in good condition? (life jacket, immersion suit, EEBD)  
거주구역 구명 설비 상태 (구명조끼, 방수복, EEBD)",,,,,,,6,,,,,,
,7.10 ,"Is relevant equipment for fire fighting in good condition? (portable extinguisher)  
소화 설비 상태 (소화기)",,,,,,,6,,,,,,
,7.11,"Arrangement and cleanliness of locker (changing room, deck general store, cable trunk/duct). 
창고 정리정돈 (changing room, 갑판 일반 창고, 케이블트렁크)",,,,,,,2,,,,,,
,8 Emergency Equipment,,,,,,,,,,,,,,
,8.1,"Is the emergency generator worked in a good condition? (blackout test, ACB test, fuel quantity(for 18 hours), all the starting means of the emergency generator operating, gauges, isolate valve from fuel)  
비상발전기 정상 작동 상태 (Blackout test, ACB 자동투입 확인, 연료량
(18시간 작동), 비상발전기 모든 기동 수단 작동 여부, 게이지, 연료유탱크 차단밸브) ",,,,,,,16,,,,,,
,8.2,"Does the crew familiar with operating procedures for the emergency generator?  
비상발전기 작동법 친숙화",,,,,,,12,,,,,,
,8.3,"Arrangement and management of Emergency G/E room. (light, louver vent, outlet pipe, quick closing V/V remote wire, telephone, etc) 
비상발전기실 관리 및 정리정돈 (조명, louver vent, outlet pipe, quick closing V/V remote wire, 전화기 등)",,,,,,,9,,,,,,
,8.4,"Is an emergency fire pump possible for two jets more than 10 meters? (Starting(several times if possible, instructing the caution of low draft starting. self ejecting functioning, vacuum pump, check leakage) 
Two jets of water test f'cle and wing bridge, suction pressure, protection of suction or discharge piping penetrating E/R, overhauling the exhaust pipe if necessary)  
비상소화펌프 정상 작동 상태 (비상소화펌프 기동, 저흘수 상태 기동시 주의사항 숙지, self ejecting functioning, 진공펌프 상태, 누설여부 확인)
선수갑판 및 윙 브릿지에서 2개 물줄기 분사 시험, 흡입 압력 확인, 기관실 관통 흡입, 토출 배관 보호 상태, 필요 시 배기관 오버홀 여부",,,,,,,12,,,,,,
,8.5,"Is the battery for GMDSS charged? (recharging, connecting cable, explosion-proof lamp)  
GMDSS 용 배터리 관리 상태 (충전상태, 케이블 연결상태, 방폭등)",,,,,,,4,,,,,,
,8.6,"Arrangement of battery room.(insulation, PPE, marking, safety sign) 
배터리룸 정리정돈(단열재, PPE, 마킹, 안전표지) ",,,,,,,4,,,,,,
,8.7,"Condition of fixed CO2 extinguisher system (Bottle contents, hydro test date, hose condition, insulation, safety outlet, safety pin A, B type, remote control line, etc)  
고정식 CO2 소화설비 상태 (용기 충전상태, hydro test 날짜, 호스 상태, 단열상태, safety outlet, safety pin A, B type, remote control line 등)",,,,,,,8,,,,,,
,8.8,"Arrangement and management of CO2 room. (lighting, tools, etc.) 
CO2 room 정리정돈 및 관리 (조명, 도구 등)",,,,,,,4,,,,,,
,8.9,"Condition of cargo hold smoke detector. (panel, hose, suction pipe, filter, etc)
화물창 화재 감지기 상태 (판넬, 호스, suction pipe, 필터, etc.)",,,,,,,6,,,,,,
,8.10,"Is the onboard crew familiar with how to operate fixed CO2 extinguisher system?   
고정식 CO2 소화설비 사용법 친숙화",,,,,,,8,,,,,,
,8.11,"Are the F.C.S. and Safety Equipment Locker mangement well? (Emergency shut off system, Light, Recharging materials, FMO, LSA/FFE spares, etc) 
F.C.S., 안전비품 창고 관리 상태 (Emergency shut off system, 조명, 충전 자재, 소방원 장구, 구명 소화설비 스페어 등)",,,,,,,9,,,,,,
,8.12,"Is the fireman's outfits in good condition? (Separate stowage, bottle pressurized date, and contents, belongings, mask, tranceiver, etc)  
소방원 장구 상태 (분리보관, bottle 압력 시험날짜 및 충전상태, 구성품, 마스크, 무전기 등)",,,,,,,9,,,,,,
,8.13,"Are safety symbols and marking clear and legible? (IMO symbol, S.W.L, open/close marking, etc)
안전 심볼 및 각종 마킹 상태(IMO심볼, S.W.L, open/close 마킹 등)",,,,,,,4,,,,,,
,9 Boat Deck,,,,,,,,,,,,,,
,9.1,"Is the liferaft in good condition? (HRU, Weak link, any obstruction above)  
구명벌 상태 (자동이탈기 상태, weak link, 상부장애물 여부)",,,,,,,4,,,,,,
,9.2,"Lifeboat condition? (hull condition, marking/painting, window, crack, insulation, door, rudder, propeller)  
구명정 상태 (외관 부식 파공 크랙, 마킹/페인팅, 창문, 타)",,,,,,,12,,,,,,
,9.3,"Lifeboat equipment. (bottom plug, magnetic compass, tiller, search/nav light, reflection tape, validity & qty, safety belt, embarkation ladder,  hanging off pendent wire, recovery strop, bilge pump, etc)  
구명정 비품 상태 (bottom plug, 자기 나침반, 타륜, 탐조등/항해등, 역반사 테이프, 유효기간 및 수량, 안전벨트, 승정 사다리, hanging off pendent wire, recovery strop, bilge pump 등)",,,,,,,9,,,,,,
,9.4,"Is the lifeboat davit in operational/good condition? (check crack, hole, excessive corrosion, working condition, limit switch, greasing, sheave, suspension link, stopper, etc)  
구명정 진수 설비 상태 (크랙, 파공, 과도한 부식, 작동상태, 리미트스위치, 그리싱, sheave, suspension link, stopper 등)",,,,,,,12,,,,,,
,9.5,"Are the lifeboat winch and fall wire in good condition? (renew date marking of fall wire, winch brake, length of remote wire, lower bracket bolt/nut corrosion, leakage, manual handle)  
구명정 윈치 및 와이어 상태 (와이어 신환일 마킹, 윈치 브레이크, remote control wire 길이, 하부 브라켓 볼트 및 너트 부식, 누유, 수동 핸들)",,,,,,,8,,,,,,
,9.6,"Is the lifeboat engine started without fail? (engine trial full ahead/astern(3min), F.O level, check battery and charger, 2 independent engine starting system)  
구명정 엔진 테스트 (전후진(3분이상), 연료량, 배터리 상태, 2개의 엔진시동 시스템)",,,,,,,12,,,,,,
,9.7,"Is the lifeboat secured properly as per the manufacturer's guide? (hook condition, FPD, no gap between davit horn and block)  
구명정 고박 상태 (Hook, FPD, Davit Horn 과 Block 사이 공간 없이 고박)",,,,,,,9,,,,,,
,9.8,"Is the lifeboat possible to lower according to the requirement of SOLAS? (drill test, remote lowering, brake, emergency lowering condition)  
구명정 하강 상태 (강하시험, 원격강하, 브레이크, 2차 비상진수 작동상태)",,,,,,,8,,,,,,
,9.9,"Does the crew familiar with the lifeboat engine trial and his duty in emergency response?  
구명정 시동 친숙화 및 비상배치시 임무 숙지",,,,,,,8,,,,,,
,9.10,"Are emergency lights operable? (check light condition, embarkation station, L/B, L/R instruction, light post, etc)  
비상등 작동 상태 (조명상태, 승정장소, 구명정, 구명벌 사용지침 게시, 조명 기둥상태 등)",,,,,,,8,,,,,,
,9.11,"Condition of Muster list. (PIC of LSA &FFE) 
비상배치표 게시 상태 (구명 소화설비 담당자 표시)",,,,,,,4,,,,,,
,9.12,"Are safety symbols and marking clear and legible? (IMO symbol, S.W.L, open/close marking, etc)
안전 심볼 및 각종 마킹 상태(IMO심볼, S.W.L, open/close 마킹 등)",,,,,,,4,,,,,,
,9.13,"Marking condition of muster station for abandon ship. 
퇴선 집합 장소 마킹 상태",,,,,,,6,,,,,,
,9.14,"Is there any obstructed object to access route to survival craft?  
탈출로에 장애물 존재 유무",,,,,,,4,,,,,,
,9.15,"Is fire fighting drill carried out with satisfaction in accordance with the regulation? (checkpoint : the founder's reporting, initial fire extinguishing(small fire only), communication between fire location and bridge(control station), confirmation procedure for fireman's outfit(name, pressure for air bottle, the time of wearing(5min.), duty of the rescue team and the way of carrying the casualty, commander's ability, etc)  
소화 훈련 실시",,,,,,,6,,,,,,
,9.16,"Is the abandon ship drill carried out with satisfaction in accordance with the regulation? (checkpoint : launch of lifeboat within a required time period(2 crews in less than 5 min), personal belongings for each crew, familiarization of the assigned duty for each crew, etc)  
퇴선 훈련 실시",,,,,,,6,,,,,,
,9.17,"Is the enclosed space entry drill carried out with satisfaction in accordance with the regulation? (checkpoint : installation rescue equipment such as rescue tripod, harness, light and ventilator, BA cylinder check, personal belongings for each crew, familiarization of the assigned duty for each crew, etc)  밀폐구역 진입 및 구조 훈련 실시",,,,,,,6,,,,,,
,10 Main Deck,,,,,,,,,,,,,,
,10.1,"Are hull markings clear and legible? (Draft, Plimsoll, Load lien, etc) 
선체 마킹 상태 (Draft, Plimsoll, Load line 등)",,,,,,,6,,,,,,
,10.2,"Is relevant equipment for lifesaving in good condition? (life ring, self-igniting light, marking, hanger, bracket, reflection tape, etc.)  
구명 설비 상태 (구명부환, 자기점화등, 마킹, bracket, 역반사테이프 등)",,,,,,,6,,,,,,
,10.3,"Is relevant equipment for fire fighting in good condition? (Fire box, fire hose/hydrant leakage, nozzle, safety plan storage box, etc.)  
소화 설비 상태 (소화박스, 소화호스/소화전 누수, 노즐, 화재제어도 박스 등)",,,,,,,9,,,,,,
,10.4,"Are the fire main lines and hydrant free of leakage and in a good condition? (check leakage, corrosion, hole, valve moving)  
소화 주관 상태 (누수, 부식, 파공, valve 고착)",,,,,,,12,,,,,,
,10.5,"Condition of deck F.W, Air pipe line, etc. (leakage, corrosion, 
V/V condition, etc.) 
갑판 청수, 에어 등 파이프 상태 (누수, 부식, 밸브 상태 등)",,,,,,,6,,,,,,
,10.6,"Condition of Hatch coaming (corrosion, damage, etc.) 
해치코밍 상태(부식, 손상여부 등)",,,,,,,12,,,,,,
,10.7,"Condition of F.O. & Ballast tank air vent. (floating ball, rubber packing, coaming corrosion/hole, coaming plug)  
F.O, 발라스트 탱크 Air vent 및 Head 상태 (floating ball, rubbuer packing, coaming 부식 및 파공, coaming plug)",,,,,,,16,,,,,,
,10.8,"Are ventilators in a good condition? (closing device moving/corrosion, 
vent pipe, cover, marking, etc.)  
통풍설비 상태 (closing device 고착/부식, vent pipe, cover, 마킹 등)",,,,,,,12,,,,,,
,10.9,"Are there any defects on the Pilot ladder? (Step, Rope, stanchions, 
wheel shaft, bracket, securing device, nameplate, marking, etc.)  
파일럿 래더 상태 (스탭, 로프, 스탠션, wheel shaft, braket, 명판, 고박장치,
마킹 등)",,,,,,,9,,,,,,
,10.10,"Are the connection parts between the pilot ladder & platform in good condition without corrosion?  
파일럿 래더와 플랫폼 연결부위 상태",,,,,,,6,,,,,,
,10.11,"Are wires without corrosion and sufficiently greased?  
Wire Rope 관리 상태(부식, grease도포)",,,,,,,8,,,,,,
,10.12,"Are safety symbols and marking clear and legible? (IMO symbol, Safety placard, S.W.L, etc)  
안전 심볼 및 각종 마킹 상태(IMO심볼, 안전표지, S.W.L 등)",,,,,,,4,,,,,,
,10.13,"Are safety and health signs clear and legible? (e.g., Falling hazard, Wearing PPE and etc)  
안전 보건 표지 게시 상태 (예: 추락주의, 개인보호장구 착용 등)",,,,,,,4,,,,,,
,10.14,"Marking condition of muster station.(paint condition, size, rank, etc)  
Muster station 마킹 상태(도장상태, 규격, 직책 등)",,,,,,,6,,,,,,
,10.15,"Are emergency lights operable? (check light condition, embarkation station, L/R instruction, light post, receptacle)  
비상등 상태 (작동상태, 승정장소, 구명벌 게시, light post, receptacle)",,,,,,,4,,,,,,
,10.16,"Is the restricted area controlled in accordance with the ship security plan? (warning notice, seal, locking condition, etc)  
선박 보안 계획에 따른 제한 구역 관리 (warning notice, seal, 잠금 상태 등)",,,,,,,4,,,,,,
,10.17,"Is the deck machinery greased properly?  
갑판 기기 그리싱",,,,,,,4,,,,,,
,10.18,"Is there any oil leakage trace on the passageway? (nonslip condition, any obstacle objects) 
통행로 상 유류 누출 흔적 유무 (미끄럼 방지 상태 유지 여부, 통행에 방해되는 장애물 존재 여부)",,,,,,,4,,,,,,
,10.19,"Is the paint store displayed in tidy condition and arrangement properly? (ex-plosion-proof light, ventilator, MSDS, insulation, PPE)  
페인트 창고 정리정돈 및 관리 상태 (방폭등, 통풍장치, MSDS, insulation, PPE)",,,,,,,6,,,,,,
,10.20,"Is fixed extinguishing equipment in the paint store inspected regularly?(Operating test)  
페인트 창고 살수 장치의 정기적인 점검 (작동 테스트)",,,,,,,9,,,,,,
,10.21,"Condition of deck scupper plug. 
갑판 배수구 마개 상태",,,,,,,4,,,,,,
,10.22,"Condition of souding pipe & cap
갑판상 사운딩 파이프 및 캡 상태",,,,,,,9,,,,,,
,11 F'cle Deck,,,,,,,,,,,,,,
,11.1,"Are mooring lines in good condition and secured properly? (Check mooring line condition : cut/wear/abrasion, Rat guard, etc)  
계류삭 상태 및 정박 상태 (계류삭 상태 점검 : 절단·마모·마찰 손상 여부, 쥐막이 설치 여부)",,,,,,,8,,,,,,
,11.2,"Condition of Windlass (check brake lining, gear box and cover, bed plate, foundation bolt & nuts, supporting bolt, gear grease, clutch pin, bracket, control stand box, chain pipe, etc)  
윈드라스 상태 점검 (브레이크라이닝, 기어박스 및 커버, bedplate, 파운데이션 볼트&너트, 써포팅 볼트, 기어 그리스, 클러치 핀, 브라켓, 컨트롤스탠드, chain pipe 등)",,,,,,,9,,,,,,
,11.3,"Condition of  Mooring Winch (check brake lining, gear box and cover, sight glass, bedplate, foundation bolt & nuts, supporting bolt, gear grease, clutch pin, bracket, control stand box, etc) )  
윈치 상태 (브레이크라이닝, 기어박스 및 커버, bed plate, 파운데이션 볼트&너트, 써포팅 볼트, 기어 그리스, 클러치 핀, 브라켓, 컨트롤스탠드 등)",,,,,,,9,,,,,,
,11.4,"Is the deck machinery greased properly?  
갑판 기기 그리싱 상태",,,,,,,4,,,,,,
,11.5,"Are the fair leader, roller, bollard in good condition?  
페어리더, 롤러, 볼라드 상태",,,,,,,6,,,,,,
,11.6,"Are air pipe vent & heads in a good condition? (check floating ball/disc, rubber packing, coaming corrosion/hole)  
Air pipe vent 및 Head 상태 (floating ball/disc, rubbuer packing, coaming 부식 및 파공 점검)",,,,,,,6,,,,,,
,11.7,"Are ventilators in a good condition? (check closing device moving/corrosion, coaming corrosion, vent pipe, vent cover hole)  
통풍설비 상태 (closing device 고착/부식, 코밍 부식, vent pipe, cover 파공)",,,,,,,6,,,,,,
,11.8,"Are hydraulic lines free of leakage and in a good condition?(hyd line, L.O box oil coaming)  
유압 라인 누유 여부(유압라인, 오일코밍)",,,,,,,6,,,,,,
,11.9,"Are small hatches in good condition? (weathertight, closing device, corrosion/hole, packing)  
스몰해치 상태 (풍우밀, closing device 고착, 부식/파공, 패킹 상태)",,,,,,,9,,,,,,
,11.10,"Is relevant equipment for fire fighting in good condition?  (Fire box, fire hose/hydrant leakage, nozzle, etc.)  
소화 설비 상태 (소화박스, 소화호스/소화전 누수, 노즐 등)",,,,,,,9,,,,,,
,11.11,"Is relevant equipment for lifesaving in good condition? (Life ring, Self-igniting light)  
구명 설비 상태 (구명부환, 자기점화등)",,,,,,,4,,,,,,
,11.12,"Are working lights operable? (check light condition)  
작업등 상태",,,,,,,4,,,,,,
,11.13,"Are navigational lights in good condition? (required angle, damage)  
항해등 상태(규정각도, 파손)",,,,,,,4,,,,,,
,11.14,"Is the restricted area controlled in accordance with the ship security plan? (warning notice, seal, locking condition, etc)  
선박 보안 계획에 따른 제한 구역 관리 (warning notice, seal, 잠금 상태 등)",,,,,,,4,,,,,,
,11.15,"Are safety symbols and marking clear and legible? (IMO symbol, Safety placard, S.W.L, etc)  
안전 심볼 및 각종 마킹 상태(IMO심볼, 안전표지, S.W.L 등)",,,,,,,4,,,,,,
,11.16,"Condition of foremast, rigging wire (wire, eye, etc.) 
선수 마스트 상태, 리깅 와이어(와이어, 아이, 등)",,,,,,,6,,,,,,
,12 BSN Store and Bow Room,,,,,,,,,,,,,,
,12.1,"Is the BSN store displayed in tidy condition and arrangement properly?   
선수 창고 정리정돈 및 관리 상태",,,,,,,4,,,,,,
,12.2,"Check any corrosion, damage, leakage. 
부식, 손상, 누수 여부 확인",,,,,,,4,,,,,,
,12.3,"Are the anchor pipe and chain locker in good condition? (corrosion/hole, manhole open)  
앵커파이프, 체인라커(부식파공, 맨홀 개방)",,,,,,,4,,,,,,
,12.4,"Is the dewatering(bilge) system in operable condition? (V/V condition, sensor, pipe, eductor)  
빌지 처리장치 상태(밸브 고착, 센서, pipe, eductor)",,,,,,,3,,,,,,
,12.5,"Is relevant equipment for lifesaving in good condition? (life jacket, immersion suit, L/R launching light, Embarkation ladder, Life ring, Self-igniting light, etc)  
구명 설비 상태 (구명조끼, 방수복, 구명벌 진수용 Light, 승정용 사다리, 구명부환, 자기점화등 등)",,,,,,,9,,,,,,
,12.6,"Are guages and indicators in good condition?(gauge, source lamp, etc)  
게이지, 지시계기 상태(게이지, 전원램프 등)",,,,,,,4,,,,,,
,12.7,"Are emergency lights in operational condition?  
비상등 상태",,,,,,,4,,,,,,
,12.8,"Is the Water/weather-tight door in good condition? (check packing, deform, corrosion, damage, etc)  
풍우밀문/수밀문 상태 (패킹 상태, 변형 여부, 부식, 파손 등)",,,,,,,9,,,,,,
,12.9,"Is the manhole in good condition? (corrosion, missing bolts, marking, etc)
맨홀 상태 (부식, 볼트 미채결, 마킹 등)",,,,,,,6,,,,,,
,12.10,"Is the restricted area controlled in accordance with the ship security plan? (warning notice, seal, locking condition, etc)  
선박 보안 계획에 따른 제한 구역 관리 (warning notice, seal, 잠금 상태 등)",,,,,,,4,,,,,,
,12.11,"Management of Emergency Towing Booklet. 
비상예인 절차서 관리",,,,,,,2,,,,,,
,12.12,"Are safety symbols and marking clear and legible?  
안전 심볼 및 각종 마킹 상태",,,,,,,4,,,,,,
,12.13,"Is there any defect on lifting devices(chain block, lever puller, lifting tools),  wire sling & rope sling? (Twist, Kink. Deformation, Dia. reduction)  
리프팅 장비 상태 (리프팅공구, 체인블록, 레버풀러), 슬링 와이어, 밴드 상태 (뒤틀림, 꼬임, 변형, 직경감소)",,,,,,,2,,,,,,
,13 Cargo Space,,,,,,,,,,,,,,
,13.1,"Are cargo hold and outfittings free of excessive corrosion? (check cell guide, conner plate, pipeline)  
화물창 및 각종 화물창 설비 과도한 부식 여부 점검(cell guide, conner plate, pipe line 등",,,,,,,8,,,,,,
,13.2,"Is relevant equipment for fire fighting in good condition? (fire hose, hose connection with cargo hold, CO2 outlet, etc)  
소화 설비 상태 (소화호스, 화물창 연결 호스, CO2 outlet 등)",,,,,,,6,,,,,,
,13.3,"Is the hold ventilation arrangement in operational condition? (check fan, duct, H/C louver vent, etc)  
화물창 통풍 설비 작동 상태 (팬, 덕트, H/C louver vent 등)",,,,,,,9,,,,,,
,13.4,"Are the lashing platforms, gangboard in a good condition?  
라싱 플랫폼 및 갱보드 상태",,,,,,,12,,,,,,
,13.5,"Is the container lashing equipment(twist lock, base lock, turn buckle, lashing bar, loose gear, etc.) apparently operational and in a good condition?  
화물 고박 장치 상태(트위스트락, 베이스락, 턴버클, 라싱바, loose gear 등)",,,,,,,9,,,,,,
,13.6,"Are container foundations(socket), lashing eyes free of excessive corrosion and deform?  
고정식 화물 고박장치 과도한 부식 및 변형 점검 (소켓, 라싱아이)",,,,,,,12,,,,,,
,13.7,"Are the hatch covers in good condition and have no excessive corrosion?(flexible or stool pad, deform, corrosion, check weather tight, packing, cleat, etc)  
해치커버 상태 및 과도한 부식 여부 점검 (flexible or stool pad, 변형, 부식, 풍우밀, 패킹, 클리트 등)",,,,,,,12,,,,,,
,13.8,"Is the lashing performed properly and in accordance with the CSM?(Use correct lashing gear in right position, lashing pattern, etc)  
CSM에 따른 라싱 이행 여부(정확한 화물고박장치 사용, 라싱 방식 등)",,,,,,,6,,,,,,
,13.9,"Are the lashing gear storage bin and flat rack in good condition? 
Loose gear 보관함 및 기어박스 상태",,,,,,,4,,,,,,
,13.10,"Are small hatches in good condition? (weathertight, closing device, corrosion/hole, packing)  
스몰해치 상태 (풍우밀, closing device 고착, 부식/파공, 패킹 상태)",,,,,,,9,,,,,,
,13.11,"Is the restricted area controlled in accordance with the ship security plan? (warning notice, seal, locking condition, etc)  
선박 보안 계획에 따른 제한 구역 관리 (warning notice, seal, 잠금 상태 등)",,,,,,,4,,,,,,
,13.12,"Are cross deck lights operable? (check light condition)  
크로스 데크 작업등 상태 (작업등 상태 점검)",,,,,,,6,,,,,,
,13.13,"Are there any defects on access hatch/gratings? (Hinge, hook, etc)  
그레이팅, 출입용 해치 상태(힌지, 후크 등)",,,,,,,9,,,,,,
,13.14,"Condition of vertical ladder, stairway
계단, 수직사다리 상태",,,,,,,4,,,,,,
,13.15,"Condition of handrail, safety guard rail, stanchion  
핸드레일, 가드레일 상태",,,,,,,9,,,,,,
,13.16,"Are safety symbols and marking clear and legible?  
안전 심볼 및 각종 마킹 상태",,,,,,,4,,,,,,
,13.17,"Is the dewatering(bilge) system in operable condition? (hold bilge sensor, bilge well, eductor, V/V, etc)  
홀드 빌지 처리장치 상태 (화물창 빌지 센서, 빌지웰, eductor, 밸브 등)",,,,,,,3,,,,,,
,13.18,"Condition of Reefer receptacle. 
리퍼 리셉터클 상태",,,,,,,4,,,,,,
,14 Poop Deck,,,,,,,,,,,,,,
,14.1,"Are mooring lines in good condition and secured properly? (Check mooring line condition : cut/wear/abrasion, Rat guard, etc)  
계류삭 상태 및 정박 상태 (계류삭 상태 점검 : 절단·마모·마찰 손상 여부, 쥐막이 설치 여부)",,,,,,,8,,,,,,
,14.2,"Condition of  Mooring Winch (check brake lining, gear box and cover, sight glass, bedplate, foundation bolt & nuts, supporting bolt, gear grease, clutch pin, bracket, control stand box, etc) )  
윈치 상태 (브레이크라이닝, 기어박스 및 커버, bed plate, 파운데이션 볼트&너트, 써포팅 볼트, 기어 그리스, 클러치 핀, 브라켓, 컨트롤스탠드 등)",,,,,,,9,,,,,,
,14.3,"Is the deck machinery greased properly?  
갑판 기기 그리싱 상태",,,,,,,4,,,,,,
,14.4,"Are the fair leader, roller, bollard in good condition?  
페어리더, 롤러, 볼라드 상태",,,,,,,4,,,,,,
,14.5,"Are air pipe vent & heads in a good condition? (check floating ball/disc, rubber packing, coaming corrosion/hole)  
Air pipe vent 및 Head 상태 (floating ball/disc, rubbuer packing, coaming 부식 및 파공 점검)",,,,,,,6,,,,,,
,14.6,"Are ventilators in a good condition? (check closing device moving/corrosion, coaming corrosion, vent pipe, vent cover hole)  
통풍설비 상태 (closing device 고착/부식, 코밍 부식, vent pipe, cover 파공)",,,,,,,9,,,,,,
,14.7,"Are hydraulic lines free of leakage and in a good condition?(hyd line, L.O box oil coaming)  
유압 라인 누유 여부(유압라인, 오일코밍)",,,,,,,6,,,,,,
,14.8,"Are small hatches in good condition? (weathertight, closing device, corrosion/hole, packing)  
스몰해치 상태 (풍우밀, closing device 고착, 부식/파공, 패킹상태)",,,,,,,9,,,,,,
,14.9,"Is relevant equipment for lifesaving in good condition? (Life ring, Self-igniting light)  
구명 설비 상태 (구명부환, 자기점화등)",,,,,,,4,,,,,,
,14.10,"Is relevant equipment for fire fighting in good condition? 
(fire hose/hydrant leakage, fire line)  
소화 설비 상태 (소화호스/소화전 누수, fire line 등)",,,,,,,4,,,,,,
,14.11,"Are working lights operable? (check light condition)  
작업등 상태",,,,,,,4,,,,,,
,14.12,"Are navigational lights in good condition? (required angle, damage)  
항해등 상태(규정각도, 파손)",,,,,,,4,,,,,,
,14.13,"Condition of flag post, flag and etc. 
깃발 지주대, 국기 등 상태 확인",,,,,,,2,,,,,,
,14.14,"Is the restricted area controlled in accordance with the ship security plan? (warning notice, seal, locking condition, etc)  
선박 보안 계획에 따른 제한 구역 관리 (warning notice, seal, 잠금 상태 등)",,,,,,,4,,,,,,
,14.15,"Are safety symbols and marking clear and legible?(Propeller waning, etc)  
안전 심볼 및 각종 마킹 상태(Propeller waning 등)",,,,,,,4,,,,,,
,"15 S/G RM, Workshop, Store",,,,,,,,,,,,,,
,15.1,"Is the emergency steering system in an apparent operational condition? (check whether operating automatically in case of restoring after the power supply is stopped, visual/audible alarm in case of low level)  
비상 조타 시스템 정상 작동 상태 (전원 차단 후 전원 복구 시 자동으로 작동하는지 여부, low level 시 시각/청각 경보 작동 여부 점검)",,,,,,,8,,,,,,
,15.2,"Does the ship's crew familiar with emergency steering?  
승조원의 비상조타 친숙화",,,,,,,8,,,,,,
,15.3,"Condition of telephone in S/G room.(telephone, booth, head set, light)
타기실 전화기 상태 (전화기, 부스, 헤드셋, light) ",,,,,,,9,,,,,,
,15.4,"Are objects in the S/G room properly arranged and tidied up? 
타기실 정리정돈 상태",,,,,,,6,,,,,,
,15.5,"Is relevant equipment for fire fighting in good condition? (Fire hose reel, fire hose/hydrant leakage, nozzle, spanner, etc)  
소화 설비 상태 (호스릴, 소화호스/소화전 누수, 노즐, 스패너 등)",,,,,,,4,,,,,,
,15.6,"Is there any obstructed object to use of LSA & FFE?  
구명 소화 설비 사용에 장애물 존재 유무",,,,,,,4,,,,,,
,15.7,"Are the commercial dangerous goods managed according to the procedure? (MSDS, PPE, handling equipment)  
상용위험물 관리 (MSDS, PPE, 취급장비)",,,,,,,4,,,,,,
,15.8,"Is the fire door with the self-closing device in good condition? (check working condition, deform, no holding back)  
방화문 상태(작동 상태, 외관 상태, Holding back 장치 제거)",,,,,,,12,,,,,,
,15.9,"Check for Oil leakage of S/G and cleanliness condition 
타기 누유 여부 점검 및 소제 상태 확인",,,,,,,9,,,,,,
,15.10,"Is the Water/weather-tight door in good condition? (check packing, deform, corrosion, damage, etc)  
풍우밀문/수밀문 상태 (패킹 상태, 변형 여부, 부식, 파손 등)",,,,,,,9,,,,,,
,15.11,"Are the working tools in good condition? (pneumatic & electric working tools, electric welding cable, gas welder, grinding machine, plasma cutter, protector condition)  
작업공구 상태 (에어 및 전기공구, 용접선, 용접기, 글라인더, 플라즈마 절단기, 방호구 상태)",,,,,,,4,,,,,,
,15.12,"Is there any defect on lifting devices(chain block, lever puller, lifting tools),  wire sling & rope sling? (Twist, Kink. Deformation, Dia. reduction)  
리프팅 장비 상태 (리프팅공구, 체인블록, 레버풀러), 슬링 와이어, 밴드 상태 (뒤틀림, 꼬임, 변형, 직경감소)",,,,,,,6,,,,,,
,15.13,"Are the vessel's Garbage management procedures followed properly? (use a non-flammable garbage can,condition of garbage storage, segregation status, keep cover, posting of placards, etc)  
폐기물 관리 절차 이행 여부 (불연성 쓰레기통 사용 여부, 쓰레기 보관 상태, 분리수거 상태, 쓰레기통 커버, 플래카드 부착 여부 등) ",,,,,,,6,,,,,,
,15.14,"Management of spare parts.(arrangement, heavy item, securing, etc.) 
자재 관리 상태 (정리, 법정 예비품, 기부속 등)",,,,,,,8,,,,,,
,15.15,"Are emergency lights in operational condition?  
비상등 상태",,,,,,,4,,,,,,
,"16 Document(Engine, ECR)",,,,,,,,,,,,,,
,16.1,"Are officers familiar with KINS program? (Input data on PMS/Repair/Stock/Tally, NC/CA report) 
KINS 사용 친숙화 (PMS/수리/재고/결과 관리, NC/CA 결과 입력)",,,,,,,9,,,,,,
,16.2,"Are bunkering procedures available and in use? (check the record of bunkering plan and result, BDN, engine log book)  
연료류 절차서가 사용가능하며 실제로 이행이 되고 있는가? (연료유 수급 계획 및 결과, BDN, 기관 로그북 기재사항 확인)",,,,,,,12,,,,,,
,16.3,"Is the bunker change-over procedure/guidance followed? (crew's familiarity for fuel oil change over) 
연료유 전환 절차/지침 준수 (연료유 전환에 대한 친숙화 상태 확인)",,,,,,,6,,,,,,
,16.4,"Is the Nox record filled in up to date? (NOx technical file, engine parameters, validity of EIAPP) 
질소산화물 배출 관련 기록 (NOx technical file, 엔진파라메타 기록, EIAPP증서)",,,,,,,12,,,,,,
,16.5,"Check record keeping of EGCS. (SECP, ETM, OMM, EGCS record book) EGCS 관련 기록 관리 (SECP, ETM, OMM, EGCS 기록 확인)",,,,,,,9,,,,,,
,16.6,"Is the engine log book filled in properly and completely? (Working language, sewage discharge log, machine running hours, fuel flow meter, safety device test, fuel oil change over, etc) 
기관일지 작성 상태 (Working language, 오수 배출 기록, 기기 운전 시간, 연료 유량계 기록, safety device test, 연료유 전환 기록 등)",,,,,,,6,,,,,,
,16.7,"Is the Ozone-depleting substances record filled in up to date? 
오존층 파괴물질 기록부",,,,,,,2,,,,,,
,16.8,"Is the Oil record book filled in properly and completely? (Accurate entries, incinerated residue, bilge quantity, L.O supply, Appointment of marine pollution prevention manager) 
기름 기록부 작성상태 (기재사항의 정확성, 소각 잔재물 기록, 빌지량, L.O 수급, 해양오염방지인 임명장 등)",,,,,,,12,,,,,,
,16.9,"Management of SOPEP(list of national operational contact, pollution prevention material table, appointment of C/E, company emergency contact list, etc.)  
SOPEP 관리 (연안국 연락처, 방제자재표, 기관장 임명장, 비상연락망 등)",,,,,,,4,,,,,,
,16.10,"Is the SEEMP present and properly documented?(EEOI, EPL seal record, CoC)  
SEEMP 관리 상태 (EEOI, EPL seal record, CoC) ",,,,,,,6,,,,,,
,16.11,"Are watch keeping schedule, Muster list and appointment posted in ECR
근무 계획표, 비상배치표 및 임명장 ECR 내 게시 상태",,,,,,,4,,,,,,
,16.12,"Work safety procedure as per company policy (work permit, Risk Assessment, inspection/maintenance plan, TBM, MSTR & C/E's confirmation, etc) 
작업 안전 절차 이행 여부 (작업허가, 위험성 평가, 점검/정비 계획, TBM, 선장/기관장 확인 등)",,,,,,,9,,,,,,
,16.13,"Are the works by subcontractors followed procedure?  
외부업체 작업 절차 준수 여부",,,,,,,12,,,,,,
,16.14,"Is the safety and health management log properly recorded?
안전보건 관리 일지 기재 상태",,,,,,,2,,,,,,
,16.15,"Is the engine control room tidy, clean condition? 
ECR 정리정돈 상태",,,,,,,4,,,,,,
,16.16,"Are emergency lights in operational condition?  
비상등 상태",,,,,,,4,,,,,,
,16.17,"Does the ship's crew familiar with to use of a gas detector? (familiarization, calibration)  
가스 농도 측정기 사용법 친숙화",,,,,,,6,,,,,,
,16.18,"Are the maintained equipments calibration? (Megger tester, Gas detector and etc) 
장비 검교정 이행 상태 (Megger tester, 가스 농도 측정기 등)",,,,,,,9,,,,,,
,16.19,"Check condition of display unit, pilot/source lamp, gauge in ECR. 
ECR내 디스플레이 판넬, 유닛 램프, 게이지 등 작동 상태 확인",,,,,,,4,,,,,,
,16.20,"Is the non-conductive mat installed proper location?  
절연매트 설치 상태",,,,,,,2,,,,,,
,16.21,"Are alarms in good operating condition? (F.O leakage alarm, bilge well level alarm, etc)  
각종 알람 작동 상태 (F.O 누유 알람, 빌지웰 레벨 알람 등)",,,,,,,4,,,,,,
,17 Engine Room(General),,,,,,,,,,,,,,
,17.1,"Does the ship's crew familiar with engine room machinery? (operation, maintenance, any relevant record)  
기관실 기기 친숙화(담당기기 작동, 정비 및 관련 기록)",,,,,,,9,,,,,,
,17.2,"Are the vessel's Garbage management procedures followed properly? (use a non-flammable garbage can, condition of garbage storage, segregation status, keep cover, posting of placards)  
폐기물 관리 절차 이행 여부 (불연성 쓰레기통 사용 여부, 쓰레기 보관 상태, 분리수거 상태, 쓰레기통 커버, 플래카드 부착 여부 등) ",,,,,,,6,,,,,,
,17.3,"Is relevant equipment for lifesaving in good condition? (life jacket, immersion suit, EEBD)  
기관실 구명 설비 상태 (구명조끼, 방수복, EEBD)",,,,,,,6,,,,,,
,17.4,"Is relevant equipment for fire fighting in good condition? (fire hose reel, fire hose/hydrant leakage, nozzle, spanner, fire extinguisher, ISO V/V, etc)  
소화 설비 상태 (소화호스릴, 소화호스/소화전 누수, 노즐, 스패너, 소화기, ISO V/V 등)",,,,,,,9,,,,,,
,17.5,"Is the fixed spray system in good operating condition? (Water mist system, motor & valve operation, self inspection record, familiarization, confirm no blind sector(obstruction))  
고정식 국부 소화장치 상태 (Water mist system, 모터 및 밸브 작동상태, 자체 점검기록, 친숙화, 사각지대 및 장애물 유무 등)",,,,,,,12,,,,,,
,17.6,"Is the fire detector in operational condition? (Detector test, Audible/visible alarm)  
화재 감지기 작동상태 (Detector 테스트, 가시가청 경보)",,,,,,,8,,,,,,
,17.7,"Check Signal light column. 
Signal light column 작동 상태 점검",,,,,,,9,,,,,,
,17.8,"Is there any obstructed object to use of FFE & LSA ?  
소화 구명 설비 사용상에 장애물 여부",,,,,,,4,,,,,,
,17.9,"Are guages and indicators in good condition?  
게이지, 지시계기 상태",,,,,,,8,,,,,,
,17.10,"Is the fire door with the self-closing device in good condition? (check working condition, deform, no holding back)  
방화문 상태(작동 상태, 외관 상태, Holding back 장치 제거)",,,,,,,8,,,,,,
,17.11,"Is insulation of DC24, AC220, 440V in the normal range?  
DC 24V, AC 220V 및 440V 절연저항 상태",,,,,,,12,,,,,,
,17.12,"Is personal protective equipment being used?  
작업자 PPE 착용 준수 유무",,,,,,,8,,,,,,
,17.13,"Is there any oil leakage trace or obstacle objects on the passageway? 
통행로 상 유류 누출 흔적 유무 (미끄럼 방지 상태 유지 여부, 통행에 방해되는 장애물 존재 여부)",,,,,,,4,,,,,,
,17.14,"Are safety symbols and marking clear and legible?  
안전 심볼 및 각종 마킹 상태",,,,,,,4,,,,,,
,17.15,"Is there any oil leakage in engine room and all necessary action has been done?  
기관실 기름 누유부 및 근본적인 조치 상태",,,,,,,16,,,,,,
,17.16,"Condition of engine room hatch and skylight hatch. (corrosion, nuts, etc) 
엔진룸 스카이라이트 해치 상태",,,,,,,6,,,,,,
,17.17,"Arrangement of Aircon. room. 
에어컨룸 정리정돈",,,,,,,4,,,,,,
,17.18,"Condition of guage and indicator in Aircon room 
에어컨룸 게이지, 지시계기 상태",,,,,,,4,,,,,,
,17.19,"Arrangement of Sopep store.(oil spill response items)
방제자재창고 정리정돈(오염방제 자재 확인)",,,,,,,4,,,,,,
,17.20,"Arrangement of 2nd passage(void space). 
2nd Passage 정리정돈",,,,,,,4,,,,,,
,17.21,"Are emergency lights in operational condition?  
비상등 상태",,,,,,,4,,,,,,
,17.22,"Is the water-tight door of 2nd passage in good condition? (check packing, deform)  
2nd passage 수밀문 상태 (패킹, 변형 점검)",,,,,,,6,,,,,,
,17.23,"Check condition and management of MGPS, ICCP relating biofouling. 
MGPS, ICCP등 방오 관련 설비 관리 상태",,,,,,,4,,,,,,
,17.24,"Check condition of pressure switch, transmitter and etc. 
압력 스위치, 전송기 등 상태 점검",,,,,,,4,,,,,,
,17.25,"Check condition of weather-tight door(packing, deform)  
풍우밀문 상태 (패킹, 변형)",,,,,,,4,,,,,,
,17.26,"Check condition of safety equipment (cover, protector, etc.)
안전보호설비 상태 점검 (커버, 프로텍터 등) ",,,,,,,6,,,,,,
,17.27,"Is the engine room funnel damper and ventilator able to fully close?  (Ventilator/Funnel damper's closing condition, Manufacturer's gap standard(ref. about 3~4mm on the basis of new production), leakage of control air line, excessive corrosion)  
기관실 펀넬 댐퍼 및 환기구 완전 폐쇄 가능여부 (환기구, 댐퍼 폐쇄 상태, 제조자 간극 기준(신품기준 통상 3~4mm), 컨트롤에어라인 누설여부, 과도한 부식)",,,,,,,12,,,,,,
,18 Engine Room(M/E),,,,,,,,,,,,,,
,18.1,"Arrangement of Engine room near M/E.(oil trace, leakage, etc) 
M/E 주위 정리정돈 상태(기름 흔적, 누유 등)",,,,,,,6,,,,,,
,18.2,"Is the insulation in place around hot surfaces and is the insulation in good condition? (No breakaway/omission, high-temperature fuel pipes, and fitting connections and steam pipe)  
뜨거운 표면 주위의 단열재 설치 상태 (고온 연료유관 및 연결부, 스팀파이프 상 단열재 탈락 및 누락 여부)",,,,,,,6,,,,,,
,18.3,"Are pipe lines in good condition? (check oil/water leak, F.O line, cooling line, etc.)  
파이프라인 상태 (누유/누수, 연료류 라인, 냉각수 라인 등 확인)",,,,,,,9,,,,,,
,18.4,"Are guages and indicators in good condition?(local engine control station) 게이지, 지시계기 상태(local engine control station) ",,,,,,,6,,,,,,
,18.5,"Condition of telephone in local engine control station. 
로컬 엔진 제어장소의 전화기 상태",,,,,,,6,,,,,,
,18.6,"Condition of E/R crane.(platform, wire, sheave, controller, hook, etc.) 
기관실 크레인 상태",,,,,,,6,,,,,,
,18.7,"Is the quick closing/shut-off valve in good operational condition? (working condition, air pressure, any prevent operation by bolt, wood wedge)  
폐쇄 및 차단 밸브 작동상태 (작동상태, 공기압, 볼트나 각목에 의한 작동방지 여부)",,,,,,,6,,,,,,
,18.8,"Are alarms in good operating condition? (F.O leakage alarm, M/E oil mist alarm, OMD high density, etc)  
알람 작동 상태 (F.O 누유 알람, M/E OIL MIST 알람, OMD High density 경보 등)",,,,,,,6,,,,,,
,19 Engine Room(G/E),,,,,,,,,,,,,,
,19.1,"Arrangement of Engine room near G/E.(oil trace, leakage, etc) 
G/E 주위 정리정돈 상태(기름 흔적, 누유 등)",,,,,,,6,,,,,,
,19.2,"Is the insulation in place around hot surfaces and is the insulation in good condition? (No breakaway/omission, high-temperature fuel pipes, and fitting connections and steam pipe)  
뜨거운 표면 주위의 단열재 설치 상태 (고온 연료유관 및 연결부, 스팀파이프 상 단열재 탈락 및 누락 여부)",,,,,,,8,,,,,,
,19.3,"Are pipe lines in good condition? (check oil/water leak)  
파이프라인 상태 (누유/누수 점검)",,,,,,,9,,,,,,
,19.4,"Are guages and indicators in good condition?  
게이지, 지시계기 상태",,,,,,,6,,,,,,
,19.5,"Is the generator engine quick closing valve remotely operable? 
발전기 차단벨브 작동상태",,,,,,,3,,,,,,
,20 Engine Room(Aux Machinery),,,,,,,,,,,,,,
,20.1,"Is the insulation in place around hot surfaces and is the insulation in good condition? (No breakaway/omission, high-temperature fuel pipes, and fitting connections and steam pipe)  
뜨거운 표면 주위의 단열재 설치 상태 (고온 연료유관 및 연결부, 스팀파이프 상 단열재 탈락 및 누락 여부)",,,,,,,8,,,,,,
,20.2,"Is the non-conductive mat installed proper location?  
절연매트 설치 상태",,,,,,,4,,,,,,
,20.3,"Is the boiler in an apparent operational condition? (boiler safety test(LL water level trip, flame fail, etc.))  
보일러 작동 상태 (보일러 safety test(LL water level trip, flame fail 등))",,,,,,,2,,,,,,
,20.4,"Are pipe lines in good condition? (check oil/water leak, expansion joint, steam pipe, etc)  
파이프라인 상태 (누유/누수, expansion joint, 스팀파이프 등)",,,,,,,9,,,,,,
,20.5,"Are guages and indicators in good condition?  
게이지, 지시계기 상태",,,,,,,6,,,,,,
,20.6,"Condition of incinerator.(operating condition, drain V/V, emergency stop,  alarm, ash, etc.) 
소각기 상태 (작동상태, drain V/V, 비상정지, 알람, 재 등)",,,,,,,3,,,,,,
,20.7,"Check each pump condition. 
각종 펌프 상태",,,,,,,6,,,,,,
,20.8,"Check condition of each valve. 
각종 밸브 상태",,,,,,,6,,,,,,
,20.9,"Check condition of EGCS (corrosion, malfunction, etc.) 
스크러버 상태 (부식, 오작동 등)",,,,,,,6,,,,,,
,20.10,"Is oil filtering equipment in good operational condition? (15 ppm alarm, auto-stop, outlet pipe inside(cleaning), filter & inner condition, crew's familiarity(operating and alarm test), shore connection, close the discharge valve at berth, operational manual posting, removal of any manual valve on the sampling line)  
유수분리기 상태 (15ppm 경보, 자동 정지, outlet pipe 내부 소제, 필터 및 내부상태, 기기작동법 및 알람 테스트 친숙화, 정박 시 선외배출밸브 잠금확인, 작동설명서 게시, 샘플링라인의 매뉴얼 벨브 제거)",,,,,,,8,,,,,,
,20.11,"Is sewage treatment equipment in good operational condition? (level alarm, pump operation, crew's familiarity(operating and alarm test), air diffuser & circulation line, confirmation of calculation sheet on sewage discharge ratio, shore connection, internal corrosion)  
오수 처리기 상태 (Level alarm, 펌프 작동, 기기작동법 및 알람 테스트 친숙화, Air Diffuser 및 순환라인 고착 여부, 오수 배출율 승인서 비치, 육상 연결구 확인, 내부부식 확인)",,,,,,,12,,,,,,
,20.12,"Check condition of BWTS.(operating condition, management of ANU chemical, etc.) 
밸러스트수 처리기 상태 (작동상태, ANU 약품 관리 상태 등)",,,,,,,8,,,,,,
,21 Purifier Room,,,,,,,,,,,,,,
,21.1,"Arrangement of Purifier room.(oil trace, leakage, coaming, etc) 
청정기실 정리정돈 상태(기름 흔적, 누유 등)",,,,,,,9,,,,,,
,21.2,"Is the insulation in place around hot surfaces and is the insulation in good condition? (No breakaway/omission, high-temperature fuel pipes, and fitting connections and steam pipe)  
뜨거운 표면 주위의 단열재 설치 상태 (고온 연료유관 및 연결부, 스팀파이프 상 단열재 탈락 및 누락 여부)",,,,,,,6,,,,,,
,21.3,"Is the fire door with the self-closing device in good condition? (check working condition, deform, no holding back)  
방화문 상태 (작동 상태, 외관 상태, Holding back 장치 제거)",,,,,,,9,,,,,,
,21.4,"Are pipe lines in good condition? (check oil/water leak)  
파이프라인 상태",,,,,,,9,,,,,,
,21.5,"Are guages and indicators in good condition?  
게이지, 지시계기 상태",,,,,,,6,,,,,,
,22 Engine Room(Floor),,,,,,,,,,,,,,
,22.1,"Arrangement of Engine room floor (oil trace, leakage, corrosion, damage, etc) 
기관실 바닥 정리 상태 (기름 흔적, 누유, 부식, 손상 등)",,,,,,,6,,,,,,
,22.2,"Are pipe lines in good condition? (check oil/water leak)  
파이프라인 상태",,,,,,,9,,,,,,
,22.3,"Are guages and indicators in good condition?  
게이지, 지시계기 상태",,,,,,,6,,,,,,
,22.4,"Is bilge quantity in engine room floor not excessive? (oil/water leakage of main/aux. machinery, no residual and oily rags)  
기관실 빌지(빌지량 확인, 주/보기 oil/water 누수 확인, 기름 걸레 등 제거)",,,,,,,9,,,,,,
,22.5,"Is there any dirty deposit or oil in the pipeline for discharging oily bilge?  
빌지 배출 파이프 라인내 침전물, 유류 유무",,,,,,,9,,,,,,
,22.6,"Check condition of E/R bilge well oil, V/V, bilge pump and etc. 
빌지 웰 유분, 펌프, 밸브 등 상태 확인",,,,,,,12,,,,,,
,22.7,"Is the emergency escape trunk in good condition? (Insulation condition, self-closing fire door, emergency light, the minimum internal dimension of enclosure, at least 800mm X 800mm)  
기관실 비상탈출구 상태 (Insulation, 자동 폐쇄식 방화문, 비상등, 폐위구역 내부 치수 최소 800mm X 800mm)",,,,,,,8,,,,,,
,22.8,"Have all oil sounding caps been closed? (check self-closing device, sounding pipe, cap condition)  
오일 사운딩 캡 상태 (자동 폐쇄 장치, 사운딩 파이프 및 캡 상태 확인)",,,,,,,8,,,,,,
